model_name,accuracy
xlnet,0.6424000263214111
xlnet,0.6435999870300293
xlnet,0.6696000099182129
xlnet,0.6556000113487244
xlnet,0.63919997215271
