model_name,accuracy
xlnet,0.5888000130653381
xlnet,0.5856000185012817
xlnet,0.5812000036239624
xlnet,0.58160001039505
xlnet,0.5911999940872192
