model_name,accuracy
xlnet,0.921999
xlnet,0.944000006
xlnet,0.965499997
xlnet,0.972500026
xlnet,0.976999998